booking_id,plan_name,destination,departure_date,pax,revenue,customer_segment,booking_date
BK00001,京都紅葉めぐり,京都,2025-05-01,2,105713,シニア,2025-03-20
BK00002,函館ロマンチック旅,北海道,2025-05-09,3,68147,カップル,2025-02-16
BK00003,信州そば巡り,長野,2025-06-05,2,248913,シニア,2025-03-19
BK00004,屋久島トレッキング,鹿児島,2024-07-16,5,255335,アクティブ,2024-06-04
BK00005,伊豆半島ドライブ,静岡,2024-11-20,2,291768,カップル,2024-10-09
BK00006,京都紅葉めぐり,京都,2024-11-20,4,443971,シニア,2024-09-30
BK00007,京都紅葉めぐり,京都,2024-10-07,4,583394,シニア,2024-09-20
BK00008,宮古島絶景ビーチ,沖縄,2025-01-08,1,99615,カップル,2024-12-24
BK00009,京都紅葉めぐり,京都,2024-10-31,3,395384,シニア,2024-09-19
BK00010,東北温泉巡り,東北,2024-06-03,4,405358,シニア,2024-04-23
BK00011,石垣島ダイビング,沖縄,2024-08-09,2,217193,アクティブ,2024-07-02
BK00012,函館ロマンチック旅,北海道,2025-01-27,5,433263,シニア,2024-12-10
BK00013,広島・宮島歴史探訪,広島,2024-11-30,2,240098,グループ,2024-11-15
BK00014,金沢文化体験,石川,2024-12-09,3,166167,一人旅,2024-09-11
BK00015,北海道スキーリゾート,北海道,2024-08-06,5,311216,カップル,2024-06-06
BK00016,日光・鬼怒川温泉,栃木,2024-08-10,4,482235,ファミリー,2024-07-23
BK00017,伊豆半島ドライブ,静岡,2024-06-15,3,466405,カップル,2024-05-31
BK00018,函館ロマンチック旅,北海道,2025-04-17,4,353453,シニア,2025-03-27
BK00019,京都紅葉めぐり,京都,2025-01-03,2,71895,シニア,2024-11-02
BK00020,日光・鬼怒川温泉,栃木,2025-03-12,6,907933,一人旅,2024-12-31
BK00021,信州そば巡り,長野,2025-01-16,3,155940,一人旅,2024-12-21
BK00022,沖縄3泊4日ファミリープラン,沖縄,2024-07-17,3,188379,シニア,2024-05-30
BK00023,九州グルメツアー,九州,2025-04-09,5,168195,グループ,2025-03-03
BK00024,北海道ラベンダー畑ツアー,北海道,2024-07-26,2,326378,ファミリー,2024-07-03
BK00025,日光・鬼怒川温泉,栃木,2024-07-26,6,665799,ファミリー,2024-05-26
BK00026,奄美大島ネイチャー,鹿児島,2024-12-08,3,536233,カップル,2024-09-09
BK00027,九州グルメツアー,九州,2025-04-19,1,91526,グループ,2025-02-28
BK00028,北海道ラベンダー畑ツアー,北海道,2024-06-30,2,135394,ファミリー,2024-04-04
BK00029,日光・鬼怒川温泉,栃木,2025-01-12,4,235965,一人旅,2024-12-01
BK00030,宮古島絶景ビーチ,沖縄,2024-09-09,4,784740,カップル,2024-08-02
BK00031,伊豆半島ドライブ,静岡,2024-12-02,3,562851,カップル,2024-10-02
BK00032,京都紅葉めぐり,京都,2025-04-28,4,617823,シニア,2025-03-01
BK00033,東北温泉巡り,東北,2024-09-03,2,78819,シニア,2024-07-01
BK00034,北海道ラベンダー畑ツアー,北海道,2024-11-03,2,415617,ファミリー,2024-08-18
BK00035,九州グルメツアー,九州,2025-03-06,3,199434,カップル,2025-01-06
BK00036,広島・宮島歴史探訪,広島,2025-05-26,2,295823,グループ,2025-03-31
BK00037,函館ロマンチック旅,北海道,2024-07-06,2,97777,カップル,2024-04-28
BK00038,函館ロマンチック旅,北海道,2025-04-17,2,168927,一人旅,2025-03-01
BK00039,石垣島ダイビング,沖縄,2025-05-14,2,134923,アクティブ,2025-03-03
BK00040,九州グルメツアー,九州,2024-09-29,6,564256,グループ,2024-09-07
BK00041,信州そば巡り,長野,2025-04-20,4,420134,カップル,2025-02-19
BK00042,四国お遍路ウォーキング,四国,2025-01-09,3,449672,シニア,2024-11-30
BK00043,北海道ラベンダー畑ツアー,北海道,2025-06-01,4,746330,ファミリー,2025-03-28
BK00044,東北温泉巡り,東北,2024-08-25,2,139655,シニア,2024-07-16
BK00045,奄美大島ネイチャー,鹿児島,2025-03-15,5,675359,アクティブ,2025-01-11
BK00046,日光・鬼怒川温泉,栃木,2025-06-13,2,196813,シニア,2025-03-28
BK00047,京都紅葉めぐり,京都,2025-04-24,2,139473,カップル,2025-02-06
BK00048,北海道スキーリゾート,北海道,2024-09-24,2,271466,ファミリー,2024-07-17
BK00049,伊豆半島ドライブ,静岡,2024-11-23,1,134059,カップル,2024-11-11
BK00050,屋久島トレッキング,鹿児島,2024-08-23,4,222447,カップル,2024-06-23
BK00051,函館ロマンチック旅,北海道,2025-05-07,4,153671,カップル,2025-03-14
BK00052,長野高原リトリート,長野,2025-05-03,2,200679,カップル,2025-03-12
BK00053,函館ロマンチック旅,北海道,2024-11-30,4,223774,カップル,2024-09-05
BK00054,伊豆半島ドライブ,静岡,2025-04-18,4,392864,カップル,2025-03-20
BK00055,九州グルメツアー,九州,2024-12-13,4,168371,グループ,2024-11-16
BK00056,金沢文化体験,石川,2025-01-10,5,424498,カップル,2024-12-09
BK00057,九州グルメツアー,九州,2025-04-20,3,228633,シニア,2025-03-20
BK00058,長野高原リトリート,長野,2024-07-19,3,641774,ファミリー,2024-05-08
BK00059,北海道スキーリゾート,北海道,2025-03-22,6,253572,ファミリー,2024-12-31
BK00060,長野高原リトリート,長野,2024-12-24,4,492689,カップル,2024-10-23
BK00061,北海道スキーリゾート,北海道,2025-05-11,1,110237,アクティブ,2025-03-10
BK00062,東北温泉巡り,東北,2024-11-28,2,218823,シニア,2024-09-27
BK00063,京都紅葉めぐり,京都,2025-01-09,2,155441,シニア,2024-10-30
BK00064,函館ロマンチック旅,北海道,2025-02-26,3,204834,一人旅,2025-01-26
BK00065,宮古島絶景ビーチ,沖縄,2024-12-26,3,124629,カップル,2024-10-29
BK00066,宮古島絶景ビーチ,沖縄,2024-08-24,2,257613,カップル,2024-05-26
BK00067,金沢文化体験,石川,2025-01-22,2,246468,グループ,2025-01-05
BK00068,九州グルメツアー,九州,2024-06-07,2,96373,グループ,2024-04-22
BK00069,金沢文化体験,石川,2024-06-09,3,461198,グループ,2024-05-24
BK00070,広島・宮島歴史探訪,広島,2024-09-18,2,249389,ファミリー,2024-07-22
BK00071,伊豆半島ドライブ,静岡,2025-01-08,5,732508,カップル,2024-12-10
BK00072,九州グルメツアー,九州,2025-04-04,2,193988,一人旅,2025-01-29
BK00073,四国お遍路ウォーキング,四国,2024-11-11,5,883192,一人旅,2024-08-18
BK00074,屋久島トレッキング,鹿児島,2025-03-18,3,519932,アクティブ,2025-01-10
BK00075,日光・鬼怒川温泉,栃木,2024-10-22,2,145679,ファミリー,2024-07-27
BK00076,北海道スキーリゾート,北海道,2024-11-28,5,138775,ファミリー,2024-10-12
BK00077,箱根温泉週末プラン,箱根,2024-05-09,2,124448,カップル,2024-04-05
BK00078,沖縄リゾートステイ,沖縄,2025-02-15,3,608851,カップル,2024-12-17
BK00079,宮古島絶景ビーチ,沖縄,2024-11-26,1,104961,カップル,2024-09-19
BK00080,伊豆半島ドライブ,静岡,2024-09-14,4,629611,カップル,2024-06-30
BK00081,伊豆半島ドライブ,静岡,2024-08-06,3,453966,カップル,2024-07-27
BK00082,石垣島ダイビング,沖縄,2024-08-28,6,729766,アクティブ,2024-08-05
BK00083,宮古島絶景ビーチ,沖縄,2024-05-07,2,220862,カップル,2024-04-27
BK00084,沖縄リゾートステイ,沖縄,2025-01-13,2,250176,グループ,2024-11-19
BK00085,北海道スキーリゾート,北海道,2024-10-07,5,296102,ファミリー,2024-08-29
BK00086,長野高原リトリート,長野,2025-03-08,2,282598,カップル,2024-12-08
BK00087,九州グルメツアー,九州,2024-12-29,4,208424,グループ,2024-12-20
BK00088,宮古島絶景ビーチ,沖縄,2025-02-15,4,742040,カップル,2024-12-11
BK00089,京都紅葉めぐり,京都,2025-02-23,2,78177,シニア,2025-01-08
BK00090,広島・宮島歴史探訪,広島,2024-10-12,2,272912,グループ,2024-09-10
BK00091,奄美大島ネイチャー,鹿児島,2024-07-08,5,962203,シニア,2024-04-16
BK00092,函館ロマンチック旅,北海道,2024-10-18,2,172125,グループ,2024-08-25
BK00093,京都紅葉めぐり,京都,2024-10-15,4,545550,シニア,2024-08-23
BK00094,石垣島ダイビング,沖縄,2024-10-06,2,476243,グループ,2024-07-08
BK00095,伊豆半島ドライブ,静岡,2024-07-13,2,168966,カップル,2024-06-02
BK00096,屋久島トレッキング,鹿児島,2025-02-02,4,671331,アクティブ,2024-11-28
BK00097,四国お遍路ウォーキング,四国,2025-03-08,2,291756,シニア,2024-12-29
BK00098,信州そば巡り,長野,2024-05-19,4,460911,シニア,2024-04-07
BK00099,伊豆半島ドライブ,静岡,2024-10-11,4,572959,グループ,2024-07-25
BK00100,沖縄3泊4日ファミリープラン,沖縄,2025-03-29,2,259878,ファミリー,2025-02-13
BK00101,長野高原リトリート,長野,2024-10-18,3,462643,カップル,2024-08-02
BK00102,長野高原リトリート,長野,2024-06-11,2,168497,シニア,2024-04-07
BK00103,京都紅葉めぐり,京都,2024-07-31,2,252016,一人旅,2024-07-01
BK00104,信州そば巡り,長野,2024-11-27,5,306630,シニア,2024-11-08
BK00105,沖縄3泊4日ファミリープラン,沖縄,2024-06-18,2,102691,ファミリー,2024-04-04
BK00106,箱根温泉週末プラン,箱根,2024-07-18,2,52069,カップル,2024-05-10
BK00107,屋久島トレッキング,鹿児島,2024-11-08,6,668007,アクティブ,2024-10-09
BK00108,北海道ラベンダー畑ツアー,北海道,2024-11-16,2,362677,ファミリー,2024-09-08
BK00109,宮古島絶景ビーチ,沖縄,2024-11-14,6,419242,カップル,2024-10-28
BK00110,信州そば巡り,長野,2024-06-24,4,313101,シニア,2024-05-20
BK00111,宮古島絶景ビーチ,沖縄,2024-10-10,4,237334,カップル,2024-08-25
BK00112,東北温泉巡り,東北,2024-12-04,2,86207,シニア,2024-11-17
BK00113,伊豆半島ドライブ,静岡,2024-11-05,3,110146,アクティブ,2024-08-14
BK00114,屋久島トレッキング,鹿児島,2025-04-01,6,1339082,アクティブ,2025-02-24
BK00115,東北温泉巡り,東北,2024-09-17,3,237013,シニア,2024-08-27
BK00116,箱根温泉週末プラン,箱根,2025-03-10,2,116787,シニア,2025-02-24
BK00117,屋久島トレッキング,鹿児島,2025-04-04,4,701811,アクティブ,2025-01-28
BK00118,函館ロマンチック旅,北海道,2024-09-24,2,65137,一人旅,2024-07-23
BK00119,北海道スキーリゾート,北海道,2025-04-06,2,214863,ファミリー,2025-03-19
BK00120,沖縄3泊4日ファミリープラン,沖縄,2024-06-02,4,688081,ファミリー,2024-04-22
BK00121,屋久島トレッキング,鹿児島,2024-12-10,6,826466,アクティブ,2024-11-10
BK00122,北海道ラベンダー畑ツアー,北海道,2024-09-24,3,346438,シニア,2024-08-04
BK00123,伊豆半島ドライブ,静岡,2024-06-20,2,222802,カップル,2024-04-11
BK00124,屋久島トレッキング,鹿児島,2025-04-03,2,161081,アクティブ,2025-02-15
BK00125,日光・鬼怒川温泉,栃木,2025-06-16,3,97401,ファミリー,2025-04-01
BK00126,金沢文化体験,石川,2024-07-18,4,205594,グループ,2024-05-16
BK00127,奄美大島ネイチャー,鹿児島,2024-10-28,2,281953,カップル,2024-08-20
BK00128,石垣島ダイビング,沖縄,2025-01-09,1,104839,ファミリー,2024-10-24
BK00129,屋久島トレッキング,鹿児島,2025-04-30,5,838647,アクティブ,2025-01-31
BK00130,北海道スキーリゾート,北海道,2024-11-08,6,292201,ファミリー,2024-09-01
BK00131,東北温泉巡り,東北,2024-08-10,4,175569,シニア,2024-05-30
BK00132,伊豆半島ドライブ,静岡,2024-12-19,2,66482,カップル,2024-10-09
BK00133,宮古島絶景ビーチ,沖縄,2024-08-17,5,674213,カップル,2024-06-09
BK00134,函館ロマンチック旅,北海道,2024-08-21,3,198831,カップル,2024-06-27
BK00135,宮古島絶景ビーチ,沖縄,2024-10-23,5,514024,アクティブ,2024-09-17
BK00136,広島・宮島歴史探訪,広島,2024-12-15,6,675432,グループ,2024-09-16
BK00137,宮古島絶景ビーチ,沖縄,2024-11-02,5,552503,ファミリー,2024-10-14
BK00138,箱根温泉週末プラン,箱根,2024-12-03,6,188741,シニア,2024-09-04
BK00139,信州そば巡り,長野,2024-06-08,4,527716,シニア,2024-04-12
BK00140,函館ロマンチック旅,北海道,2024-11-05,4,516800,ファミリー,2024-09-19
BK00141,信州そば巡り,長野,2025-04-03,4,324522,グループ,2025-02-25
BK00142,京都紅葉めぐり,京都,2024-05-31,3,333783,シニア,2024-05-12
BK00143,四国お遍路ウォーキング,四国,2025-04-17,3,267097,シニア,2025-03-04
BK00144,宮古島絶景ビーチ,沖縄,2024-05-17,2,126351,カップル,2024-04-17
BK00145,九州グルメツアー,九州,2024-10-10,2,190864,グループ,2024-07-21
BK00146,沖縄3泊4日ファミリープラン,沖縄,2024-09-18,4,201901,一人旅,2024-08-06
BK00147,奄美大島ネイチャー,鹿児島,2024-07-09,4,491002,カップル,2024-05-09
BK00148,広島・宮島歴史探訪,広島,2024-08-17,2,198082,グループ,2024-07-28
BK00149,奄美大島ネイチャー,鹿児島,2025-05-17,2,286535,ファミリー,2025-03-21
BK00150,信州そば巡り,長野,2024-09-02,4,250953,シニア,2024-07-21
BK00151,東北温泉巡り,東北,2024-06-27,4,440999,シニア,2024-05-19
BK00152,箱根温泉週末プラン,箱根,2024-06-03,6,449196,ファミリー,2024-05-15
BK00153,宮古島絶景ビーチ,沖縄,2024-10-20,2,191758,カップル,2024-09-27
BK00154,東北温泉巡り,東北,2025-04-10,5,315660,カップル,2025-01-24
BK00155,北海道スキーリゾート,北海道,2024-09-11,4,267038,ファミリー,2024-07-29
BK00156,北海道ラベンダー畑ツアー,北海道,2025-02-23,5,1002292,ファミリー,2025-01-19
BK00157,函館ロマンチック旅,北海道,2024-10-14,4,92242,カップル,2024-09-26
BK00158,長野高原リトリート,長野,2024-06-01,4,872589,カップル,2024-04-22
BK00159,九州グルメツアー,九州,2024-08-13,4,385830,グループ,2024-08-03
BK00160,北海道ラベンダー畑ツアー,北海道,2024-07-16,6,663869,ファミリー,2024-05-11
BK00161,沖縄リゾートステイ,沖縄,2025-04-27,6,341406,カップル,2025-03-13
BK00162,広島・宮島歴史探訪,広島,2024-10-05,4,549668,グループ,2024-08-12
BK00163,宮古島絶景ビーチ,沖縄,2025-03-13,4,832077,カップル,2025-01-12
BK00164,北海道スキーリゾート,北海道,2025-05-09,2,166717,ファミリー,2025-03-16
BK00165,長野高原リトリート,長野,2024-09-24,3,336673,グループ,2024-06-27
BK00166,北海道ラベンダー畑ツアー,北海道,2024-05-31,4,772025,ファミリー,2024-04-27
BK00167,四国お遍路ウォーキング,四国,2024-12-21,4,225975,カップル,2024-11-28
BK00168,宮古島絶景ビーチ,沖縄,2025-01-17,2,165110,カップル,2024-12-12
BK00169,北海道スキーリゾート,北海道,2025-02-09,3,281109,ファミリー,2025-01-17
BK00170,沖縄3泊4日ファミリープラン,沖縄,2025-02-01,3,429707,ファミリー,2025-01-24
BK00171,石垣島ダイビング,沖縄,2024-11-30,2,258194,グループ,2024-11-17
BK00172,屋久島トレッキング,鹿児島,2024-12-09,4,536292,ファミリー,2024-09-28
BK00173,日光・鬼怒川温泉,栃木,2025-01-02,4,112379,ファミリー,2024-10-29
BK00174,広島・宮島歴史探訪,広島,2024-09-15,3,437600,シニア,2024-08-26
BK00175,信州そば巡り,長野,2025-01-31,2,235565,シニア,2025-01-16
BK00176,四国お遍路ウォーキング,四国,2024-12-10,3,322803,シニア,2024-09-18
BK00177,京都紅葉めぐり,京都,2024-07-30,5,556487,シニア,2024-05-01
BK00178,屋久島トレッキング,鹿児島,2025-02-03,2,257453,シニア,2024-12-06
BK00179,伊豆半島ドライブ,静岡,2024-12-01,3,193474,カップル,2024-10-23
BK00180,北海道ラベンダー畑ツアー,北海道,2025-03-07,3,629017,一人旅,2025-02-17
BK00181,沖縄リゾートステイ,沖縄,2024-08-22,4,600094,カップル,2024-06-05
BK00182,伊豆半島ドライブ,静岡,2025-04-18,4,307320,カップル,2025-03-06
BK00183,箱根温泉週末プラン,箱根,2024-07-07,2,66455,カップル,2024-04-30
BK00184,京都紅葉めぐり,京都,2025-01-29,2,196302,一人旅,2024-11-10
BK00185,信州そば巡り,長野,2024-07-19,4,514684,シニア,2024-04-21
BK00186,沖縄3泊4日ファミリープラン,沖縄,2025-02-09,4,395453,ファミリー,2024-12-30
BK00187,石垣島ダイビング,沖縄,2025-04-07,4,201096,アクティブ,2025-01-18
BK00188,沖縄3泊4日ファミリープラン,沖縄,2025-04-29,2,200283,ファミリー,2025-02-14
BK00189,奄美大島ネイチャー,鹿児島,2025-01-04,4,574524,カップル,2024-10-17
BK00190,信州そば巡り,長野,2025-03-24,2,226424,シニア,2025-03-07
BK00191,伊豆半島ドライブ,静岡,2024-12-17,4,202253,カップル,2024-11-13
BK00192,宮古島絶景ビーチ,沖縄,2024-10-08,4,191596,ファミリー,2024-07-26
BK00193,沖縄3泊4日ファミリープラン,沖縄,2025-02-01,6,803738,ファミリー,2024-12-18
BK00194,四国お遍路ウォーキング,四国,2025-02-06,3,270835,シニア,2025-01-30
BK00195,九州グルメツアー,九州,2024-10-05,5,638779,グループ,2024-07-19
BK00196,沖縄リゾートステイ,沖縄,2024-08-30,3,207128,カップル,2024-08-21
BK00197,宮古島絶景ビーチ,沖縄,2024-12-03,3,195223,カップル,2024-09-06
BK00198,信州そば巡り,長野,2024-10-01,2,237015,シニア,2024-08-09
BK00199,広島・宮島歴史探訪,広島,2024-07-24,3,232848,グループ,2024-07-07
BK00200,石垣島ダイビング,沖縄,2025-05-04,4,599659,シニア,2025-02-21
BK00201,長野高原リトリート,長野,2024-05-31,2,133176,カップル,2024-05-06
BK00202,箱根温泉週末プラン,箱根,2024-05-17,2,220828,カップル,2024-05-01
BK00203,宮古島絶景ビーチ,沖縄,2024-08-12,4,896203,カップル,2024-06-09
BK00204,信州そば巡り,長野,2025-01-13,2,145011,シニア,2024-10-18
BK00205,奄美大島ネイチャー,鹿児島,2025-02-02,2,192147,カップル,2024-11-12
BK00206,沖縄リゾートステイ,沖縄,2025-04-26,5,317812,ファミリー,2025-03-03
BK00207,信州そば巡り,長野,2024-08-11,3,325105,ファミリー,2024-06-01
BK00208,屋久島トレッキング,鹿児島,2024-09-11,2,324700,アクティブ,2024-06-13
BK00209,沖縄リゾートステイ,沖縄,2024-09-03,5,982528,一人旅,2024-08-14
BK00210,石垣島ダイビング,沖縄,2025-04-19,4,530629,アクティブ,2025-03-12
BK00211,長野高原リトリート,長野,2024-11-05,3,553533,カップル,2024-09-23
BK00212,四国お遍路ウォーキング,四国,2025-04-17,2,272448,シニア,2025-02-27
BK00213,信州そば巡り,長野,2025-03-05,2,200403,シニア,2025-01-15
BK00214,広島・宮島歴史探訪,広島,2025-04-18,4,151892,グループ,2025-01-25
BK00215,四国お遍路ウォーキング,四国,2025-04-10,2,274239,シニア,2025-01-26
BK00216,長野高原リトリート,長野,2024-11-24,6,793652,カップル,2024-10-25
BK00217,九州グルメツアー,九州,2025-02-16,2,313786,グループ,2025-01-21
BK00218,函館ロマンチック旅,北海道,2024-07-17,4,512966,カップル,2024-07-06
BK00219,広島・宮島歴史探訪,広島,2025-02-09,2,267825,カップル,2025-01-13
BK00220,屋久島トレッキング,鹿児島,2025-05-08,3,500693,アクティブ,2025-03-10
BK00221,奄美大島ネイチャー,鹿児島,2024-09-20,3,301332,カップル,2024-08-15
BK00222,長野高原リトリート,長野,2024-07-08,6,902412,一人旅,2024-04-19
BK00223,日光・鬼怒川温泉,栃木,2024-09-26,5,703373,ファミリー,2024-08-30
BK00224,金沢文化体験,石川,2024-12-09,6,841773,シニア,2024-09-23
BK00225,北海道ラベンダー畑ツアー,北海道,2025-02-19,3,376032,ファミリー,2025-01-09
BK00226,九州グルメツアー,九州,2024-10-04,6,415814,グループ,2024-08-14
BK00227,九州グルメツアー,九州,2024-10-03,3,93750,グループ,2024-09-16
BK00228,四国お遍路ウォーキング,四国,2025-02-10,1,164674,アクティブ,2025-01-17
BK00229,金沢文化体験,石川,2024-11-08,1,32614,グループ,2024-08-15
BK00230,箱根温泉週末プラン,箱根,2024-09-17,3,118792,カップル,2024-06-25
BK00231,京都紅葉めぐり,京都,2025-04-14,3,421927,シニア,2025-03-08
BK00232,金沢文化体験,石川,2024-08-14,1,100479,シニア,2024-05-31
BK00233,伊豆半島ドライブ,静岡,2025-06-25,3,364682,カップル,2025-04-01
BK00234,北海道ラベンダー畑ツアー,北海道,2024-08-29,2,302087,一人旅,2024-07-07
BK00235,函館ロマンチック旅,北海道,2025-05-17,5,150574,シニア,2025-03-22
BK00236,沖縄3泊4日ファミリープラン,沖縄,2024-10-16,2,321576,ファミリー,2024-10-01
BK00237,宮古島絶景ビーチ,沖縄,2024-11-06,1,142511,カップル,2024-10-13
BK00238,屋久島トレッキング,鹿児島,2024-06-17,4,698680,グループ,2024-04-10
BK00239,沖縄リゾートステイ,沖縄,2024-12-04,1,97211,カップル,2024-11-02
BK00240,奄美大島ネイチャー,鹿児島,2024-09-07,6,720716,カップル,2024-07-12
BK00241,東北温泉巡り,東北,2024-12-28,5,166285,シニア,2024-11-06
BK00242,京都紅葉めぐり,京都,2024-11-26,5,621771,シニア,2024-09-25
BK00243,石垣島ダイビング,沖縄,2024-09-29,3,609925,アクティブ,2024-07-21
BK00244,伊豆半島ドライブ,静岡,2025-04-23,4,576833,カップル,2025-02-20
BK00245,京都紅葉めぐり,京都,2025-04-09,4,274619,カップル,2025-02-20
BK00246,屋久島トレッキング,鹿児島,2024-12-07,1,251627,アクティブ,2024-10-04
BK00247,伊豆半島ドライブ,静岡,2025-02-08,6,224212,カップル,2024-11-12
BK00248,長野高原リトリート,長野,2024-08-09,6,499572,カップル,2024-07-13
BK00249,屋久島トレッキング,鹿児島,2025-04-07,2,419123,アクティブ,2025-03-15
BK00250,宮古島絶景ビーチ,沖縄,2025-06-08,2,314835,カップル,2025-03-16
BK00251,北海道ラベンダー畑ツアー,北海道,2024-07-06,3,342315,ファミリー,2024-06-12
BK00252,京都紅葉めぐり,京都,2025-04-18,3,282227,シニア,2025-03-19
BK00253,北海道スキーリゾート,北海道,2024-06-09,2,161195,グループ,2024-04-06
BK00254,東北温泉巡り,東北,2025-02-22,5,310255,ファミリー,2025-01-29
BK00255,四国お遍路ウォーキング,四国,2024-06-15,4,498293,カップル,2024-04-25
BK00256,石垣島ダイビング,沖縄,2024-12-09,2,188772,アクティブ,2024-09-28
BK00257,金沢文化体験,石川,2025-05-11,4,309325,カップル,2025-03-19
BK00258,信州そば巡り,長野,2025-03-03,2,269644,シニア,2025-02-16
BK00259,伊豆半島ドライブ,静岡,2024-06-27,2,181504,カップル,2024-06-11
BK00260,日光・鬼怒川温泉,栃木,2024-10-30,5,674921,ファミリー,2024-10-07
BK00261,箱根温泉週末プラン,箱根,2024-11-02,6,202571,カップル,2024-08-23
BK00262,奄美大島ネイチャー,鹿児島,2025-02-03,2,262725,一人旅,2025-01-07
BK00263,奄美大島ネイチャー,鹿児島,2025-03-31,2,223148,カップル,2025-02-20
BK00264,信州そば巡り,長野,2024-07-20,3,162049,シニア,2024-07-02
BK00265,石垣島ダイビング,沖縄,2024-07-24,4,613294,ファミリー,2024-04-29
BK00266,沖縄3泊4日ファミリープラン,沖縄,2025-03-03,6,972602,ファミリー,2025-02-19
BK00267,宮古島絶景ビーチ,沖縄,2024-11-25,4,660618,カップル,2024-08-31
BK00268,奄美大島ネイチャー,鹿児島,2024-09-04,5,691701,カップル,2024-07-28
BK00269,沖縄リゾートステイ,沖縄,2025-03-15,3,360523,カップル,2025-01-11
BK00270,四国お遍路ウォーキング,四国,2024-12-10,6,374788,シニア,2024-10-20
BK00271,京都紅葉めぐり,京都,2024-11-26,3,191238,シニア,2024-10-20
BK00272,沖縄リゾートステイ,沖縄,2024-12-30,5,571993,カップル,2024-11-04
BK00273,四国お遍路ウォーキング,四国,2024-07-27,2,122039,シニア,2024-06-10
BK00274,金沢文化体験,石川,2025-01-04,1,81720,カップル,2024-10-26
BK00275,宮古島絶景ビーチ,沖縄,2024-10-16,2,295699,アクティブ,2024-10-03
BK00276,金沢文化体験,石川,2025-01-20,1,42870,アクティブ,2024-11-06
BK00277,長野高原リトリート,長野,2024-10-30,1,56605,カップル,2024-09-07
BK00278,函館ロマンチック旅,北海道,2024-11-21,3,236264,カップル,2024-11-05
BK00279,信州そば巡り,長野,2024-07-12,2,81722,シニア,2024-04-18
BK00280,函館ロマンチック旅,北海道,2024-10-21,2,148664,カップル,2024-09-26
BK00281,沖縄リゾートステイ,沖縄,2025-03-11,5,722863,カップル,2025-01-21
BK00282,日光・鬼怒川温泉,栃木,2025-03-09,6,372382,アクティブ,2025-01-20
BK00283,奄美大島ネイチャー,鹿児島,2024-07-22,3,353020,シニア,2024-06-02
BK00284,金沢文化体験,石川,2025-05-17,2,105764,グループ,2025-03-24
BK00285,沖縄3泊4日ファミリープラン,沖縄,2024-08-06,2,309714,一人旅,2024-05-31
BK00286,九州グルメツアー,九州,2025-05-26,3,311419,グループ,2025-03-06
BK00287,広島・宮島歴史探訪,広島,2025-02-23,1,102809,グループ,2025-01-16
BK00288,四国お遍路ウォーキング,四国,2024-09-25,3,196885,グループ,2024-08-30
BK00289,沖縄リゾートステイ,沖縄,2024-04-29,3,433223,カップル,2024-04-05
BK00290,日光・鬼怒川温泉,栃木,2024-11-07,6,630759,ファミリー,2024-09-21
BK00291,長野高原リトリート,長野,2024-07-18,5,506224,カップル,2024-04-20
BK00292,九州グルメツアー,九州,2025-01-27,2,152986,アクティブ,2024-11-10
BK00293,金沢文化体験,石川,2024-12-28,2,292317,グループ,2024-10-21
BK00294,宮古島絶景ビーチ,沖縄,2024-07-05,3,414531,カップル,2024-04-20
BK00295,奄美大島ネイチャー,鹿児島,2025-04-23,6,272720,カップル,2025-03-11
BK00296,北海道スキーリゾート,北海道,2024-09-02,2,146212,ファミリー,2024-07-30
BK00297,北海道スキーリゾート,北海道,2025-02-10,4,306454,ファミリー,2025-01-21
BK00298,日光・鬼怒川温泉,栃木,2025-03-05,2,83274,ファミリー,2024-12-07
BK00299,箱根温泉週末プラン,箱根,2025-06-15,6,234302,グループ,2025-03-30
BK00300,金沢文化体験,石川,2024-06-04,4,251239,グループ,2024-05-03
BK00301,北海道ラベンダー畑ツアー,北海道,2024-07-22,2,414418,カップル,2024-05-03
BK00302,伊豆半島ドライブ,静岡,2025-01-12,6,658677,カップル,2025-01-01
BK00303,奄美大島ネイチャー,鹿児島,2025-03-21,2,220522,シニア,2025-03-13
BK00304,屋久島トレッキング,鹿児島,2024-07-23,3,775199,グループ,2024-05-08
BK00305,北海道スキーリゾート,北海道,2025-01-14,2,198017,ファミリー,2024-12-24
BK00306,石垣島ダイビング,沖縄,2025-05-14,4,670226,アクティブ,2025-03-25
BK00307,信州そば巡り,長野,2024-07-06,5,454122,シニア,2024-05-09
BK00308,京都紅葉めぐり,京都,2025-01-21,3,150541,シニア,2024-12-28
BK00309,屋久島トレッキング,鹿児島,2025-01-04,2,385156,アクティブ,2024-11-16
BK00310,長野高原リトリート,長野,2024-05-19,2,134595,カップル,2024-04-12
BK00311,日光・鬼怒川温泉,栃木,2024-05-22,4,530581,ファミリー,2024-04-06
BK00312,信州そば巡り,長野,2025-01-13,6,478916,一人旅,2024-12-09
BK00313,長野高原リトリート,長野,2024-11-17,6,1180862,カップル,2024-09-01
BK00314,東北温泉巡り,東北,2025-02-17,5,164582,シニア,2024-11-26
BK00315,長野高原リトリート,長野,2025-05-11,2,423813,カップル,2025-02-21
BK00316,宮古島絶景ビーチ,沖縄,2024-07-27,2,429463,カップル,2024-07-01
BK00317,東北温泉巡り,東北,2024-08-15,2,151651,シニア,2024-06-07
BK00318,箱根温泉週末プラン,箱根,2024-09-11,3,92281,カップル,2024-07-13
BK00319,奄美大島ネイチャー,鹿児島,2025-05-17,2,80120,カップル,2025-03-21
BK00320,沖縄リゾートステイ,沖縄,2024-10-18,4,725279,ファミリー,2024-08-28
BK00321,金沢文化体験,石川,2025-04-28,3,335151,グループ,2025-03-16
BK00322,伊豆半島ドライブ,静岡,2024-11-16,3,509605,カップル,2024-09-22
BK00323,函館ロマンチック旅,北海道,2025-04-23,5,158763,カップル,2025-01-23
BK00324,日光・鬼怒川温泉,栃木,2025-03-02,5,522322,ファミリー,2025-01-26
BK00325,函館ロマンチック旅,北海道,2024-11-10,3,129676,カップル,2024-08-27
BK00326,北海道スキーリゾート,北海道,2025-01-16,1,90214,ファミリー,2024-12-26
BK00327,九州グルメツアー,九州,2025-01-01,2,67326,グループ,2024-12-17
BK00328,沖縄リゾートステイ,沖縄,2024-12-09,3,277562,ファミリー,2024-11-27
BK00329,箱根温泉週末プラン,箱根,2024-08-31,2,207541,カップル,2024-07-18
BK00330,四国お遍路ウォーキング,四国,2025-01-15,5,705153,シニア,2024-12-01
BK00331,北海道スキーリゾート,北海道,2025-05-18,6,763084,ファミリー,2025-03-01
BK00332,伊豆半島ドライブ,静岡,2024-08-30,1,106099,カップル,2024-06-21
BK00333,日光・鬼怒川温泉,栃木,2024-12-19,3,197643,グループ,2024-10-20
BK00334,九州グルメツアー,九州,2025-01-21,5,274517,一人旅,2024-12-07
BK00335,伊豆半島ドライブ,静岡,2024-11-17,3,261316,カップル,2024-08-31
BK00336,北海道ラベンダー畑ツアー,北海道,2024-10-07,2,424315,ファミリー,2024-08-14
BK00337,広島・宮島歴史探訪,広島,2024-07-15,4,479250,一人旅,2024-04-22
BK00338,函館ロマンチック旅,北海道,2025-02-17,2,222301,ファミリー,2024-12-11
BK00339,東北温泉巡り,東北,2025-01-16,4,408910,シニア,2024-12-25
BK00340,信州そば巡り,長野,2024-05-09,3,187942,グループ,2024-04-06
BK00341,屋久島トレッキング,鹿児島,2024-09-30,3,273033,グループ,2024-07-02
BK00342,京都紅葉めぐり,京都,2024-09-20,6,436248,シニア,2024-08-04
BK00343,九州グルメツアー,九州,2025-01-26,2,219846,グループ,2025-01-17
BK00344,箱根温泉週末プラン,箱根,2025-02-09,2,189827,カップル,2024-12-22
BK00345,四国お遍路ウォーキング,四国,2025-01-29,6,900315,シニア,2024-11-21
BK00346,長野高原リトリート,長野,2025-01-29,4,492742,アクティブ,2025-01-05
BK00347,沖縄リゾートステイ,沖縄,2024-07-18,5,351142,カップル,2024-07-07
BK00348,沖縄3泊4日ファミリープラン,沖縄,2024-09-26,5,299445,ファミリー,2024-09-02
BK00349,東北温泉巡り,東北,2024-09-20,3,281025,グループ,2024-07-17
BK00350,金沢文化体験,石川,2025-03-31,3,202586,グループ,2025-03-24
BK00351,北海道スキーリゾート,北海道,2024-08-13,1,117913,ファミリー,2024-07-01
BK00352,石垣島ダイビング,沖縄,2025-02-25,3,242978,アクティブ,2025-02-06
BK00353,長野高原リトリート,長野,2025-01-12,2,245559,カップル,2024-11-16
BK00354,九州グルメツアー,九州,2024-11-16,4,604125,グループ,2024-10-30
BK00355,広島・宮島歴史探訪,広島,2024-11-13,4,157593,ファミリー,2024-09-19
BK00356,金沢文化体験,石川,2024-11-19,4,496223,一人旅,2024-08-22
BK00357,沖縄リゾートステイ,沖縄,2025-01-08,6,1255105,カップル,2024-12-05
BK00358,沖縄リゾートステイ,沖縄,2025-04-05,5,828213,カップル,2025-02-22
BK00359,四国お遍路ウォーキング,四国,2025-04-26,4,696456,ファミリー,2025-03-24
BK00360,奄美大島ネイチャー,鹿児島,2025-03-28,2,381321,カップル,2025-01-08
BK00361,函館ロマンチック旅,北海道,2024-12-09,4,172673,カップル,2024-10-14
BK00362,北海道ラベンダー畑ツアー,北海道,2024-09-08,2,233812,ファミリー,2024-07-19
BK00363,信州そば巡り,長野,2024-08-13,3,366797,シニア,2024-05-22
BK00364,屋久島トレッキング,鹿児島,2024-08-29,3,346714,アクティブ,2024-07-24
BK00365,広島・宮島歴史探訪,広島,2025-05-14,2,135225,グループ,2025-02-17
BK00366,箱根温泉週末プラン,箱根,2024-12-16,2,120197,カップル,2024-09-19
BK00367,沖縄3泊4日ファミリープラン,沖縄,2024-12-28,3,197852,ファミリー,2024-10-26
BK00368,伊豆半島ドライブ,静岡,2024-11-01,4,337131,カップル,2024-08-15
BK00369,函館ロマンチック旅,北海道,2025-05-07,4,265837,カップル,2025-02-13
BK00370,伊豆半島ドライブ,静岡,2024-10-02,4,576424,一人旅,2024-09-15
BK00371,日光・鬼怒川温泉,栃木,2025-03-01,2,120113,ファミリー,2025-01-05
BK00372,北海道ラベンダー畑ツアー,北海道,2025-03-09,2,206555,ファミリー,2025-01-06
BK00373,北海道スキーリゾート,北海道,2025-02-21,3,233595,ファミリー,2024-11-26
BK00374,奄美大島ネイチャー,鹿児島,2025-05-25,2,254261,グループ,2025-03-29
BK00375,四国お遍路ウォーキング,四国,2024-11-22,6,316965,シニア,2024-08-24
BK00376,東北温泉巡り,東北,2024-09-15,2,156174,シニア,2024-07-30
BK00377,金沢文化体験,石川,2024-07-19,2,150376,グループ,2024-06-11
BK00378,京都紅葉めぐり,京都,2024-07-19,4,354075,ファミリー,2024-06-17
BK00379,屋久島トレッキング,鹿児島,2024-05-07,3,347491,アクティブ,2024-04-04
BK00380,伊豆半島ドライブ,静岡,2024-07-01,2,150000,カップル,2024-04-22
BK00381,伊豆半島ドライブ,静岡,2024-10-06,3,386898,カップル,2024-09-20
BK00382,日光・鬼怒川温泉,栃木,2024-06-11,3,476044,一人旅,2024-04-12
BK00383,信州そば巡り,長野,2024-05-27,2,132956,シニア,2024-05-10
BK00384,信州そば巡り,長野,2025-05-28,6,754620,シニア,2025-03-10
BK00385,伊豆半島ドライブ,静岡,2025-02-14,2,142440,カップル,2025-02-06
BK00386,宮古島絶景ビーチ,沖縄,2024-07-03,2,226782,一人旅,2024-04-14
BK00387,日光・鬼怒川温泉,栃木,2025-03-06,6,471134,ファミリー,2025-01-14
BK00388,北海道ラベンダー畑ツアー,北海道,2025-02-26,2,220879,ファミリー,2025-02-01
BK00389,金沢文化体験,石川,2024-12-11,2,268884,グループ,2024-10-05
BK00390,奄美大島ネイチャー,鹿児島,2025-03-31,1,95284,カップル,2025-03-10
BK00391,石垣島ダイビング,沖縄,2025-02-09,2,142625,アクティブ,2024-11-28
BK00392,屋久島トレッキング,鹿児島,2025-01-31,4,344931,アクティブ,2024-12-04
BK00393,沖縄3泊4日ファミリープラン,沖縄,2024-06-23,3,296872,カップル,2024-05-22
BK00394,北海道スキーリゾート,北海道,2024-04-21,4,495513,ファミリー,2024-04-06
BK00395,四国お遍路ウォーキング,四国,2025-02-25,2,324032,シニア,2024-12-22
BK00396,四国お遍路ウォーキング,四国,2024-07-26,4,434100,シニア,2024-05-31
BK00397,屋久島トレッキング,鹿児島,2024-06-18,5,1029519,一人旅,2024-05-20
BK00398,北海道ラベンダー畑ツアー,北海道,2024-05-16,2,169500,ファミリー,2024-04-22
BK00399,箱根温泉週末プラン,箱根,2024-09-08,3,118820,カップル,2024-07-14
BK00400,金沢文化体験,石川,2024-07-25,4,537254,グループ,2024-05-11
BK00401,石垣島ダイビング,沖縄,2024-09-06,2,242928,アクティブ,2024-07-25
BK00402,長野高原リトリート,長野,2025-06-05,2,391494,カップル,2025-03-28
BK00403,金沢文化体験,石川,2024-11-12,3,410819,グループ,2024-09-04
BK00404,宮古島絶景ビーチ,沖縄,2025-04-21,2,176274,カップル,2025-03-17
BK00405,屋久島トレッキング,鹿児島,2024-08-25,3,207639,アクティブ,2024-06-16
BK00406,函館ロマンチック旅,北海道,2024-12-11,5,156560,カップル,2024-09-26
BK00407,東北温泉巡り,東北,2024-09-16,4,407385,シニア,2024-08-27
BK00408,沖縄リゾートステイ,沖縄,2024-09-23,2,343225,ファミリー,2024-08-14
BK00409,九州グルメツアー,九州,2025-03-07,4,619608,グループ,2024-12-15
BK00410,石垣島ダイビング,沖縄,2024-06-14,4,723683,アクティブ,2024-05-21
BK00411,長野高原リトリート,長野,2024-08-14,4,290376,シニア,2024-07-03
BK00412,宮古島絶景ビーチ,沖縄,2025-01-27,6,1206398,カップル,2024-11-16
BK00413,伊豆半島ドライブ,静岡,2025-04-13,5,302328,カップル,2025-03-02
BK00414,箱根温泉週末プラン,箱根,2024-05-20,5,590581,カップル,2024-04-02
BK00415,箱根温泉週末プラン,箱根,2024-09-05,2,128134,カップル,2024-06-10
BK00416,北海道ラベンダー畑ツアー,北海道,2024-11-18,4,853106,ファミリー,2024-09-07
BK00417,金沢文化体験,石川,2025-01-05,1,149723,グループ,2024-10-16
BK00418,屋久島トレッキング,鹿児島,2024-07-02,5,1021051,アクティブ,2024-05-11
BK00419,伊豆半島ドライブ,静岡,2025-02-22,2,303784,カップル,2024-12-14
BK00420,箱根温泉週末プラン,箱根,2024-08-24,4,505428,カップル,2024-06-16
BK00421,京都紅葉めぐり,京都,2024-07-20,1,122930,シニア,2024-05-16
BK00422,伊豆半島ドライブ,静岡,2025-01-11,5,360459,シニア,2024-12-19
BK00423,北海道ラベンダー畑ツアー,北海道,2024-06-23,2,251757,ファミリー,2024-05-01
BK00424,沖縄リゾートステイ,沖縄,2024-12-07,2,402298,カップル,2024-09-11
BK00425,北海道ラベンダー畑ツアー,北海道,2024-04-25,1,115320,ファミリー,2024-04-06
BK00426,日光・鬼怒川温泉,栃木,2024-06-20,1,113591,ファミリー,2024-04-18
BK00427,伊豆半島ドライブ,静岡,2024-05-04,3,205924,ファミリー,2024-04-11
BK00428,京都紅葉めぐり,京都,2024-12-16,5,228612,カップル,2024-10-23
BK00429,箱根温泉週末プラン,箱根,2025-05-10,4,373105,カップル,2025-02-25
BK00430,東北温泉巡り,東北,2024-06-10,6,571271,ファミリー,2024-05-15
BK00431,京都紅葉めぐり,京都,2025-02-11,4,302256,シニア,2025-01-20
BK00432,箱根温泉週末プラン,箱根,2025-01-07,4,204359,カップル,2024-11-26
BK00433,信州そば巡り,長野,2024-11-17,5,668905,シニア,2024-11-07
BK00434,信州そば巡り,長野,2024-08-15,4,291023,カップル,2024-07-15
BK00435,金沢文化体験,石川,2024-10-07,2,235806,グループ,2024-09-16
BK00436,沖縄3泊4日ファミリープラン,沖縄,2024-11-15,2,389265,ファミリー,2024-09-29
BK00437,函館ロマンチック旅,北海道,2024-05-16,4,347527,カップル,2024-04-17
BK00438,沖縄3泊4日ファミリープラン,沖縄,2024-12-22,1,53677,ファミリー,2024-11-18
BK00439,奄美大島ネイチャー,鹿児島,2024-07-25,4,443622,カップル,2024-05-15
BK00440,函館ロマンチック旅,北海道,2024-09-23,2,60548,カップル,2024-06-30
BK00441,東北温泉巡り,東北,2025-03-28,2,180168,アクティブ,2025-01-12
BK00442,北海道ラベンダー畑ツアー,北海道,2024-12-26,4,757275,ファミリー,2024-10-25
BK00443,伊豆半島ドライブ,静岡,2025-04-07,4,164991,アクティブ,2025-02-01
BK00444,石垣島ダイビング,沖縄,2025-02-07,4,588662,アクティブ,2025-01-30
BK00445,長野高原リトリート,長野,2024-09-19,4,674911,カップル,2024-07-08
BK00446,北海道スキーリゾート,北海道,2025-02-10,2,125445,ファミリー,2025-01-31
BK00447,宮古島絶景ビーチ,沖縄,2024-05-31,3,411860,カップル,2024-05-15
BK00448,宮古島絶景ビーチ,沖縄,2025-03-01,2,331487,カップル,2025-01-06
BK00449,京都紅葉めぐり,京都,2025-02-16,1,163244,シニア,2024-12-06
BK00450,金沢文化体験,石川,2024-11-22,6,376051,一人旅,2024-09-27
BK00451,伊豆半島ドライブ,静岡,2025-01-25,2,277075,一人旅,2024-12-08
BK00452,長野高原リトリート,長野,2025-04-11,4,193018,ファミリー,2025-01-30
BK00453,広島・宮島歴史探訪,広島,2025-05-02,5,747551,グループ,2025-02-25
BK00454,函館ロマンチック旅,北海道,2024-08-19,3,167904,カップル,2024-08-11
BK00455,信州そば巡り,長野,2025-02-02,3,340542,アクティブ,2024-11-28
BK00456,函館ロマンチック旅,北海道,2024-12-23,1,54236,カップル,2024-11-27
BK00457,沖縄3泊4日ファミリープラン,沖縄,2024-10-19,4,433882,ファミリー,2024-10-12
BK00458,東北温泉巡り,東北,2024-08-10,3,108010,シニア,2024-07-04
BK00459,北海道スキーリゾート,北海道,2025-02-25,6,806442,ファミリー,2025-02-13
BK00460,長野高原リトリート,長野,2024-08-27,4,492826,ファミリー,2024-08-10
BK00461,宮古島絶景ビーチ,沖縄,2024-06-29,3,189762,カップル,2024-06-15
BK00462,四国お遍路ウォーキング,四国,2024-10-30,2,140760,カップル,2024-09-12
BK00463,宮古島絶景ビーチ,沖縄,2025-03-03,2,263152,カップル,2025-02-05
BK00464,函館ロマンチック旅,北海道,2024-11-02,3,197286,カップル,2024-09-30
BK00465,石垣島ダイビング,沖縄,2024-05-30,5,947661,アクティブ,2024-04-15
BK00466,四国お遍路ウォーキング,四国,2025-02-03,4,352544,シニア,2025-01-16
BK00467,奄美大島ネイチャー,鹿児島,2024-12-18,1,113732,カップル,2024-11-19
BK00468,函館ロマンチック旅,北海道,2024-12-14,3,363064,カップル,2024-11-25
BK00469,沖縄リゾートステイ,沖縄,2025-01-01,2,234865,カップル,2024-12-09
BK00470,北海道ラベンダー畑ツアー,北海道,2024-08-28,2,339952,カップル,2024-06-07
BK00471,屋久島トレッキング,鹿児島,2025-02-13,6,1402584,アクティブ,2025-01-26
BK00472,屋久島トレッキング,鹿児島,2025-04-04,6,881456,アクティブ,2025-03-07
BK00473,沖縄3泊4日ファミリープラン,沖縄,2024-11-18,2,162333,ファミリー,2024-09-18
BK00474,屋久島トレッキング,鹿児島,2025-01-26,4,597565,アクティブ,2025-01-15
BK00475,伊豆半島ドライブ,静岡,2024-08-31,2,152520,カップル,2024-06-24
BK00476,日光・鬼怒川温泉,栃木,2025-02-20,6,679201,アクティブ,2024-11-25
BK00477,長野高原リトリート,長野,2024-10-14,4,524931,カップル,2024-07-30
BK00478,広島・宮島歴史探訪,広島,2024-12-14,1,96096,シニア,2024-11-14
BK00479,沖縄リゾートステイ,沖縄,2024-10-16,3,575261,ファミリー,2024-08-03
BK00480,九州グルメツアー,九州,2024-06-06,2,305901,カップル,2024-04-30
BK00481,宮古島絶景ビーチ,沖縄,2024-11-06,6,1101685,カップル,2024-09-15
BK00482,四国お遍路ウォーキング,四国,2024-05-31,6,262362,シニア,2024-04-09
BK00483,宮古島絶景ビーチ,沖縄,2024-07-12,4,372210,グループ,2024-06-17
BK00484,函館ロマンチック旅,北海道,2024-11-23,3,82569,カップル,2024-10-25
BK00485,沖縄3泊4日ファミリープラン,沖縄,2024-09-12,1,116760,ファミリー,2024-07-06
BK00486,石垣島ダイビング,沖縄,2024-11-01,1,173459,アクティブ,2024-10-18
BK00487,京都紅葉めぐり,京都,2024-08-28,6,512566,シニア,2024-07-06
BK00488,宮古島絶景ビーチ,沖縄,2025-03-31,2,170995,グループ,2025-02-09
BK00489,金沢文化体験,石川,2024-06-20,2,223369,シニア,2024-05-04
BK00490,九州グルメツアー,九州,2024-07-17,5,367223,グループ,2024-04-26
BK00491,箱根温泉週末プラン,箱根,2025-01-08,6,482523,一人旅,2025-01-01
BK00492,沖縄リゾートステイ,沖縄,2025-03-23,2,484340,カップル,2024-12-29
BK00493,宮古島絶景ビーチ,沖縄,2025-04-18,2,318385,カップル,2025-02-07
BK00494,四国お遍路ウォーキング,四国,2025-04-04,5,281911,シニア,2025-01-06
BK00495,四国お遍路ウォーキング,四国,2024-08-24,2,162125,シニア,2024-08-16
BK00496,京都紅葉めぐり,京都,2025-04-14,3,365912,シニア,2025-04-01
BK00497,伊豆半島ドライブ,静岡,2024-09-16,3,239654,カップル,2024-07-23
BK00498,宮古島絶景ビーチ,沖縄,2024-06-07,2,133222,カップル,2024-05-03
BK00499,沖縄3泊4日ファミリープラン,沖縄,2024-11-29,6,267921,カップル,2024-10-20
BK00500,北海道ラベンダー畑ツアー,北海道,2024-07-13,2,383402,グループ,2024-06-25
BK00501,石垣島ダイビング,沖縄,2024-07-27,2,121045,グループ,2024-05-26
BK00502,函館ロマンチック旅,北海道,2024-08-08,4,197562,カップル,2024-06-29
BK00503,宮古島絶景ビーチ,沖縄,2024-09-01,2,185859,カップル,2024-06-24
BK00504,信州そば巡り,長野,2024-08-31,2,99207,シニア,2024-07-30
BK00505,北海道ラベンダー畑ツアー,北海道,2024-08-23,2,243425,シニア,2024-08-02
BK00506,北海道ラベンダー畑ツアー,北海道,2024-07-23,3,408395,ファミリー,2024-05-08
BK00507,屋久島トレッキング,鹿児島,2025-04-19,3,258562,アクティブ,2025-03-10
BK00508,沖縄リゾートステイ,沖縄,2025-02-02,2,252941,カップル,2025-01-14
BK00509,宮古島絶景ビーチ,沖縄,2025-02-21,2,273062,カップル,2024-12-06
BK00510,函館ロマンチック旅,北海道,2024-06-21,4,192985,カップル,2024-04-15
BK00511,沖縄リゾートステイ,沖縄,2024-10-06,6,1248964,カップル,2024-07-18
BK00512,京都紅葉めぐり,京都,2024-09-13,6,370284,カップル,2024-08-15
BK00513,沖縄リゾートステイ,沖縄,2024-09-14,6,690172,カップル,2024-08-28
BK00514,信州そば巡り,長野,2025-01-06,6,1009444,シニア,2024-11-20
BK00515,函館ロマンチック旅,北海道,2024-11-26,2,106757,ファミリー,2024-09-10
BK00516,信州そば巡り,長野,2024-08-17,4,172866,シニア,2024-06-05
BK00517,宮古島絶景ビーチ,沖縄,2024-06-26,6,1038179,一人旅,2024-06-07
BK00518,長野高原リトリート,長野,2024-10-13,3,433547,カップル,2024-09-03
BK00519,石垣島ダイビング,沖縄,2025-01-08,2,353149,アクティブ,2024-11-11
BK00520,広島・宮島歴史探訪,広島,2024-11-20,1,107822,ファミリー,2024-10-14
BK00521,四国お遍路ウォーキング,四国,2024-12-13,2,259126,シニア,2024-10-28
BK00522,九州グルメツアー,九州,2025-03-09,6,586401,グループ,2025-01-23
BK00523,伊豆半島ドライブ,静岡,2024-08-24,2,186597,アクティブ,2024-05-27
BK00524,金沢文化体験,石川,2024-09-03,5,544547,グループ,2024-07-11
BK00525,日光・鬼怒川温泉,栃木,2024-10-01,4,454791,ファミリー,2024-09-07
BK00526,東北温泉巡り,東北,2025-01-03,2,117885,シニア,2024-12-20
BK00527,東北温泉巡り,東北,2025-01-05,5,368964,アクティブ,2024-11-12
BK00528,沖縄3泊4日ファミリープラン,沖縄,2025-01-22,3,277420,一人旅,2024-11-29
BK00529,函館ロマンチック旅,北海道,2024-11-24,2,212844,ファミリー,2024-10-04
BK00530,奄美大島ネイチャー,鹿児島,2025-05-13,1,175216,カップル,2025-03-18
BK00531,九州グルメツアー,九州,2024-05-23,2,168237,アクティブ,2024-04-20
BK00532,沖縄3泊4日ファミリープラン,沖縄,2024-08-25,4,585046,ファミリー,2024-08-02
BK00533,信州そば巡り,長野,2025-01-24,2,280180,シニア,2024-10-27
BK00534,北海道スキーリゾート,北海道,2025-02-15,2,177576,ファミリー,2024-12-11
BK00535,京都紅葉めぐり,京都,2025-06-09,6,957642,シニア,2025-03-29
BK00536,信州そば巡り,長野,2024-07-07,2,87692,シニア,2024-05-25
BK00537,北海道スキーリゾート,北海道,2024-06-26,5,272959,アクティブ,2024-05-09
BK00538,奄美大島ネイチャー,鹿児島,2025-01-21,3,256779,一人旅,2024-12-26
BK00539,広島・宮島歴史探訪,広島,2024-06-14,4,403600,グループ,2024-04-28
BK00540,奄美大島ネイチャー,鹿児島,2025-01-19,3,370941,一人旅,2024-11-20
BK00541,東北温泉巡り,東北,2024-11-12,4,405178,アクティブ,2024-10-08
BK00542,長野高原リトリート,長野,2024-08-30,5,1117665,カップル,2024-07-16
BK00543,奄美大島ネイチャー,鹿児島,2025-04-19,2,167179,カップル,2025-02-11
BK00544,石垣島ダイビング,沖縄,2024-06-06,4,334248,シニア,2024-04-18
BK00545,伊豆半島ドライブ,静岡,2024-12-07,2,162113,カップル,2024-10-14
BK00546,沖縄リゾートステイ,沖縄,2024-08-01,4,553511,一人旅,2024-05-12
BK00547,京都紅葉めぐり,京都,2024-06-12,3,207409,カップル,2024-04-18
BK00548,東北温泉巡り,東北,2024-12-06,6,820509,シニア,2024-10-08
BK00549,四国お遍路ウォーキング,四国,2025-01-16,3,484738,シニア,2024-12-30
BK00550,沖縄リゾートステイ,沖縄,2025-06-02,2,431910,カップル,2025-03-30
BK00551,石垣島ダイビング,沖縄,2024-08-12,2,274452,アクティブ,2024-07-25
BK00552,金沢文化体験,石川,2024-09-24,1,61316,シニア,2024-09-17
BK00553,日光・鬼怒川温泉,栃木,2025-01-03,4,490478,ファミリー,2024-12-25
BK00554,長野高原リトリート,長野,2024-11-16,2,298130,カップル,2024-10-24
BK00555,沖縄リゾートステイ,沖縄,2024-12-14,3,458910,カップル,2024-10-31
BK00556,箱根温泉週末プラン,箱根,2024-12-16,3,113676,グループ,2024-10-08
BK00557,沖縄3泊4日ファミリープラン,沖縄,2025-01-10,4,200374,ファミリー,2024-12-06
BK00558,日光・鬼怒川温泉,栃木,2025-01-27,3,386208,ファミリー,2025-01-05
BK00559,北海道スキーリゾート,北海道,2024-09-26,1,30909,ファミリー,2024-07-02
BK00560,沖縄3泊4日ファミリープラン,沖縄,2025-03-29,3,244148,ファミリー,2025-03-08
BK00561,箱根温泉週末プラン,箱根,2025-03-14,1,72536,カップル,2024-12-17
BK00562,北海道スキーリゾート,北海道,2024-08-10,4,307598,ファミリー,2024-05-18
BK00563,信州そば巡り,長野,2025-03-15,2,87776,シニア,2025-01-31
BK00564,北海道スキーリゾート,北海道,2024-08-09,3,184451,ファミリー,2024-07-08
BK00565,金沢文化体験,石川,2025-02-22,2,48882,グループ,2024-12-16
BK00566,京都紅葉めぐり,京都,2024-08-21,2,92962,シニア,2024-06-12
BK00567,京都紅葉めぐり,京都,2025-02-18,2,124617,シニア,2024-11-21
BK00568,石垣島ダイビング,沖縄,2025-04-25,3,494153,ファミリー,2025-03-12
BK00569,沖縄リゾートステイ,沖縄,2025-04-21,4,292567,一人旅,2025-03-28
BK00570,北海道スキーリゾート,北海道,2025-04-08,5,182530,ファミリー,2025-02-13
BK00571,屋久島トレッキング,鹿児島,2025-01-08,4,622814,アクティブ,2024-11-13
BK00572,石垣島ダイビング,沖縄,2025-02-26,4,269672,ファミリー,2025-02-03
BK00573,伊豆半島ドライブ,静岡,2024-08-10,5,695859,カップル,2024-06-03
BK00574,長野高原リトリート,長野,2024-06-02,5,1237624,カップル,2024-05-23
BK00575,金沢文化体験,石川,2024-08-16,5,359113,グループ,2024-07-26
BK00576,四国お遍路ウォーキング,四国,2025-06-08,4,552156,シニア,2025-03-26
BK00577,四国お遍路ウォーキング,四国,2024-09-21,4,446670,シニア,2024-07-10
BK00578,九州グルメツアー,九州,2024-09-18,4,435268,一人旅,2024-07-29
BK00579,信州そば巡り,長野,2025-03-13,4,202722,シニア,2025-03-05
BK00580,金沢文化体験,石川,2025-01-23,4,258243,ファミリー,2025-01-07
BK00581,日光・鬼怒川温泉,栃木,2025-02-23,4,373471,ファミリー,2024-12-08
BK00582,屋久島トレッキング,鹿児島,2024-08-15,2,279943,アクティブ,2024-06-12
BK00583,金沢文化体験,石川,2024-05-11,2,136882,グループ,2024-05-02
BK00584,北海道ラベンダー畑ツアー,北海道,2024-08-21,4,882942,ファミリー,2024-05-27
BK00585,屋久島トレッキング,鹿児島,2024-12-01,5,913826,アクティブ,2024-10-09
BK00586,函館ロマンチック旅,北海道,2024-08-10,3,263485,カップル,2024-05-19
BK00587,京都紅葉めぐり,京都,2024-06-03,1,86648,シニア,2024-04-29
BK00588,函館ロマンチック旅,北海道,2024-08-31,4,133488,カップル,2024-07-08
BK00589,伊豆半島ドライブ,静岡,2025-03-17,4,222244,カップル,2025-02-06
BK00590,屋久島トレッキング,鹿児島,2025-02-13,2,207085,アクティブ,2024-12-25
BK00591,宮古島絶景ビーチ,沖縄,2025-04-02,3,570649,カップル,2025-01-28
BK00592,金沢文化体験,石川,2025-06-12,4,481446,グループ,2025-03-30
BK00593,日光・鬼怒川温泉,栃木,2025-03-23,2,233023,ファミリー,2025-01-01
BK00594,信州そば巡り,長野,2024-07-13,3,233405,シニア,2024-05-26
BK00595,九州グルメツアー,九州,2025-01-08,6,403583,グループ,2024-11-12
BK00596,伊豆半島ドライブ,静岡,2024-08-08,2,298266,カップル,2024-05-28
BK00597,函館ロマンチック旅,北海道,2024-06-16,2,194237,カップル,2024-05-13
BK00598,箱根温泉週末プラン,箱根,2024-07-02,6,256267,カップル,2024-04-03
BK00599,四国お遍路ウォーキング,四国,2024-04-24,4,493846,シニア,2024-04-03
BK00600,伊豆半島ドライブ,静岡,2024-07-05,2,328026,カップル,2024-04-21
BK00601,京都紅葉めぐり,京都,2025-05-14,2,193898,シニア,2025-03-20
BK00602,石垣島ダイビング,沖縄,2024-12-15,2,123110,アクティブ,2024-11-06
BK00603,函館ロマンチック旅,北海道,2025-05-07,5,181796,カップル,2025-03-16
BK00604,函館ロマンチック旅,北海道,2025-03-07,4,196509,アクティブ,2024-12-08
BK00605,奄美大島ネイチャー,鹿児島,2024-04-25,6,562323,アクティブ,2024-04-12
BK00606,四国お遍路ウォーキング,四国,2024-07-06,1,66561,グループ,2024-06-23
BK00607,九州グルメツアー,九州,2024-08-09,3,327352,グループ,2024-05-12
BK00608,東北温泉巡り,東北,2025-01-05,2,158624,アクティブ,2024-11-02
BK00609,日光・鬼怒川温泉,栃木,2025-03-26,1,68090,ファミリー,2025-01-30
BK00610,宮古島絶景ビーチ,沖縄,2024-11-29,2,433644,カップル,2024-11-22
BK00611,四国お遍路ウォーキング,四国,2024-06-13,4,562299,シニア,2024-05-31
BK00612,金沢文化体験,石川,2024-08-28,3,431379,グループ,2024-06-12
BK00613,石垣島ダイビング,沖縄,2024-07-24,4,295066,アクティブ,2024-07-09
BK00614,北海道ラベンダー畑ツアー,北海道,2024-11-09,5,818099,ファミリー,2024-10-05
BK00615,東北温泉巡り,東北,2024-08-02,3,280764,ファミリー,2024-05-20
BK00616,京都紅葉めぐり,京都,2024-06-14,3,471022,カップル,2024-04-24
BK00617,沖縄リゾートステイ,沖縄,2024-06-04,3,712239,カップル,2024-04-17
BK00618,函館ロマンチック旅,北海道,2024-11-18,6,732766,カップル,2024-11-08
BK00619,日光・鬼怒川温泉,栃木,2024-10-24,1,156693,ファミリー,2024-08-16
BK00620,北海道ラベンダー畑ツアー,北海道,2025-03-11,6,1200198,ファミリー,2025-02-11
BK00621,北海道ラベンダー畑ツアー,北海道,2025-03-12,4,924015,カップル,2024-12-15
BK00622,函館ロマンチック旅,北海道,2024-06-08,4,138714,カップル,2024-04-07
BK00623,屋久島トレッキング,鹿児島,2024-10-25,2,96998,アクティブ,2024-10-14
BK00624,北海道ラベンダー畑ツアー,北海道,2024-07-17,6,717232,ファミリー,2024-06-11
BK00625,伊豆半島ドライブ,静岡,2024-10-31,3,166104,カップル,2024-10-22
BK00626,信州そば巡り,長野,2025-05-20,1,117044,ファミリー,2025-02-28
BK00627,奄美大島ネイチャー,鹿児島,2024-05-30,4,355188,カップル,2024-04-15
BK00628,広島・宮島歴史探訪,広島,2024-05-08,3,266176,一人旅,2024-04-28
BK00629,奄美大島ネイチャー,鹿児島,2024-06-06,2,409168,アクティブ,2024-05-12
BK00630,長野高原リトリート,長野,2025-06-12,5,309121,カップル,2025-03-27
BK00631,信州そば巡り,長野,2024-11-26,3,113825,アクティブ,2024-09-12
BK00632,長野高原リトリート,長野,2025-02-11,6,1280816,カップル,2024-12-14
BK00633,九州グルメツアー,九州,2024-06-29,2,114894,グループ,2024-05-21
BK00634,沖縄リゾートステイ,沖縄,2024-08-29,4,217632,カップル,2024-06-24
BK00635,京都紅葉めぐり,京都,2025-03-12,3,207517,シニア,2024-12-21
BK00636,九州グルメツアー,九州,2025-03-24,4,519350,グループ,2025-02-09
BK00637,四国お遍路ウォーキング,四国,2024-07-06,4,246164,シニア,2024-05-21
BK00638,四国お遍路ウォーキング,四国,2024-09-22,1,83256,アクティブ,2024-08-25
BK00639,伊豆半島ドライブ,静岡,2025-01-03,2,282187,カップル,2024-11-11
BK00640,屋久島トレッキング,鹿児島,2024-11-15,3,173354,アクティブ,2024-09-30
BK00641,北海道スキーリゾート,北海道,2025-04-05,2,233025,ファミリー,2025-01-20
BK00642,北海道ラベンダー畑ツアー,北海道,2025-06-02,4,845914,ファミリー,2025-03-23
BK00643,宮古島絶景ビーチ,沖縄,2024-12-25,4,703120,カップル,2024-12-14
BK00644,箱根温泉週末プラン,箱根,2024-11-22,2,217453,カップル,2024-09-26
BK00645,屋久島トレッキング,鹿児島,2024-09-29,2,233278,アクティブ,2024-07-19
BK00646,信州そば巡り,長野,2024-05-14,4,189427,シニア,2024-04-16
BK00647,宮古島絶景ビーチ,沖縄,2024-05-24,4,658655,カップル,2024-04-29
BK00648,金沢文化体験,石川,2024-12-19,2,99154,グループ,2024-12-04
BK00649,長野高原リトリート,長野,2024-11-21,6,1072262,シニア,2024-09-15
BK00650,京都紅葉めぐり,京都,2024-06-18,4,298668,シニア,2024-04-06
BK00651,函館ロマンチック旅,北海道,2024-07-13,3,180776,カップル,2024-06-14
BK00652,北海道ラベンダー畑ツアー,北海道,2024-08-19,3,595837,ファミリー,2024-07-11
BK00653,長野高原リトリート,長野,2024-10-02,5,231650,カップル,2024-07-26
BK00654,石垣島ダイビング,沖縄,2024-12-21,3,265936,アクティブ,2024-12-05
BK00655,長野高原リトリート,長野,2024-06-19,4,569053,グループ,2024-05-28
BK00656,金沢文化体験,石川,2024-09-01,4,520600,グループ,2024-07-30
BK00657,沖縄リゾートステイ,沖縄,2025-04-16,4,300764,カップル,2025-01-26
BK00658,宮古島絶景ビーチ,沖縄,2025-01-30,2,161861,カップル,2025-01-16
BK00659,宮古島絶景ビーチ,沖縄,2024-05-19,5,1001484,カップル,2024-05-10
BK00660,北海道ラベンダー畑ツアー,北海道,2025-02-14,4,631648,ファミリー,2024-12-12
BK00661,伊豆半島ドライブ,静岡,2024-06-23,4,730819,カップル,2024-05-29
BK00662,日光・鬼怒川温泉,栃木,2024-12-15,4,350280,ファミリー,2024-11-17
BK00663,北海道ラベンダー畑ツアー,北海道,2025-01-29,3,160546,ファミリー,2024-12-05
BK00664,日光・鬼怒川温泉,栃木,2024-06-15,5,458523,ファミリー,2024-04-16
BK00665,信州そば巡り,長野,2024-06-09,5,498938,シニア,2024-05-29
BK00666,金沢文化体験,石川,2024-05-22,6,683253,アクティブ,2024-04-29
BK00667,伊豆半島ドライブ,静岡,2024-09-06,3,138653,カップル,2024-07-08
BK00668,金沢文化体験,石川,2024-11-08,4,591691,一人旅,2024-09-18
BK00669,京都紅葉めぐり,京都,2024-09-20,2,232863,シニア,2024-08-27
BK00670,信州そば巡り,長野,2024-08-25,2,66571,一人旅,2024-06-27
BK00671,日光・鬼怒川温泉,栃木,2025-04-14,1,102147,グループ,2025-01-31
BK00672,長野高原リトリート,長野,2025-03-04,3,432934,グループ,2025-02-06
BK00673,宮古島絶景ビーチ,沖縄,2024-12-20,2,342954,カップル,2024-09-26
BK00674,函館ロマンチック旅,北海道,2024-08-27,2,168879,カップル,2024-06-20
BK00675,奄美大島ネイチャー,鹿児島,2024-07-31,4,431682,アクティブ,2024-06-10
BK00676,京都紅葉めぐり,京都,2025-02-07,4,172074,シニア,2024-12-05
BK00677,四国お遍路ウォーキング,四国,2024-09-17,4,483194,シニア,2024-06-24
BK00678,沖縄3泊4日ファミリープラン,沖縄,2025-03-11,3,381117,ファミリー,2025-02-14
BK00679,九州グルメツアー,九州,2024-10-11,4,476712,一人旅,2024-09-24
BK00680,日光・鬼怒川温泉,栃木,2025-01-28,2,296457,ファミリー,2024-11-06
BK00681,屋久島トレッキング,鹿児島,2025-04-28,5,1022647,アクティブ,2025-03-27
BK00682,信州そば巡り,長野,2024-09-25,4,384029,シニア,2024-07-14
BK00683,九州グルメツアー,九州,2024-05-08,6,297634,シニア,2024-05-01
BK00684,広島・宮島歴史探訪,広島,2024-11-27,2,70095,グループ,2024-09-06
BK00685,北海道ラベンダー畑ツアー,北海道,2024-08-06,4,722577,ファミリー,2024-06-24
BK00686,北海道スキーリゾート,北海道,2025-03-01,6,504038,ファミリー,2024-12-07
BK00687,北海道スキーリゾート,北海道,2025-03-02,3,205355,ファミリー,2025-01-02
BK00688,京都紅葉めぐり,京都,2024-08-21,5,763042,シニア,2024-07-13
BK00689,屋久島トレッキング,鹿児島,2024-12-08,3,307168,グループ,2024-09-20
BK00690,屋久島トレッキング,鹿児島,2024-06-15,3,237408,アクティブ,2024-06-05
BK00691,九州グルメツアー,九州,2024-05-26,5,496851,グループ,2024-04-20
BK00692,沖縄3泊4日ファミリープラン,沖縄,2024-05-18,2,97162,シニア,2024-04-08
BK00693,北海道ラベンダー畑ツアー,北海道,2024-07-21,3,304849,ファミリー,2024-06-22
BK00694,石垣島ダイビング,沖縄,2024-05-18,3,225957,アクティブ,2024-04-17
BK00695,北海道スキーリゾート,北海道,2025-01-22,2,113867,ファミリー,2024-12-17
BK00696,京都紅葉めぐり,京都,2025-02-16,4,466451,シニア,2025-01-30
BK00697,函館ロマンチック旅,北海道,2025-05-18,3,170696,一人旅,2025-03-11
BK00698,北海道スキーリゾート,北海道,2024-08-23,6,424654,ファミリー,2024-07-24
BK00699,宮古島絶景ビーチ,沖縄,2025-02-08,3,381261,カップル,2025-01-26
BK00700,日光・鬼怒川温泉,栃木,2024-12-02,5,572838,アクティブ,2024-10-06
BK00701,日光・鬼怒川温泉,栃木,2024-09-25,4,134984,ファミリー,2024-08-09
BK00702,京都紅葉めぐり,京都,2024-12-09,4,224100,シニア,2024-10-17
BK00703,北海道スキーリゾート,北海道,2024-10-27,2,86525,ファミリー,2024-08-03
BK00704,長野高原リトリート,長野,2024-11-24,2,165325,アクティブ,2024-09-27
BK00705,九州グルメツアー,九州,2025-03-22,5,500010,グループ,2025-02-09
BK00706,箱根温泉週末プラン,箱根,2025-03-23,5,205918,カップル,2025-01-15
BK00707,日光・鬼怒川温泉,栃木,2024-08-18,4,249681,ファミリー,2024-07-02
BK00708,広島・宮島歴史探訪,広島,2025-03-09,2,246471,ファミリー,2025-02-10
BK00709,屋久島トレッキング,鹿児島,2024-11-21,3,476212,シニア,2024-10-12
BK00710,沖縄3泊4日ファミリープラン,沖縄,2024-09-25,3,508075,ファミリー,2024-09-03
BK00711,宮古島絶景ビーチ,沖縄,2024-08-02,3,543958,カップル,2024-05-04
BK00712,日光・鬼怒川温泉,栃木,2024-09-28,5,417909,ファミリー,2024-07-26
BK00713,箱根温泉週末プラン,箱根,2025-04-04,5,287603,カップル,2025-01-06
BK00714,広島・宮島歴史探訪,広島,2025-03-13,2,110884,グループ,2025-02-24
BK00715,北海道スキーリゾート,北海道,2024-08-24,3,343500,シニア,2024-05-27
BK00716,宮古島絶景ビーチ,沖縄,2024-09-11,3,277953,カップル,2024-07-09
BK00717,九州グルメツアー,九州,2024-06-06,6,804074,グループ,2024-04-28
BK00718,広島・宮島歴史探訪,広島,2025-02-27,2,287227,グループ,2025-02-08
BK00719,広島・宮島歴史探訪,広島,2024-07-24,2,191414,グループ,2024-07-07
BK00720,広島・宮島歴史探訪,広島,2024-11-30,2,131436,グループ,2024-10-25
BK00721,日光・鬼怒川温泉,栃木,2025-01-14,1,87837,ファミリー,2025-01-04
BK00722,金沢文化体験,石川,2024-10-20,6,597899,アクティブ,2024-08-05
BK00723,函館ロマンチック旅,北海道,2025-03-24,4,396589,グループ,2025-01-01
BK00724,日光・鬼怒川温泉,栃木,2024-08-05,3,420051,ファミリー,2024-05-09
BK00725,北海道ラベンダー畑ツアー,北海道,2024-10-03,3,248544,ファミリー,2024-08-18
BK00726,日光・鬼怒川温泉,栃木,2025-03-14,2,160883,グループ,2025-01-22
BK00727,奄美大島ネイチャー,鹿児島,2025-05-29,4,463735,カップル,2025-03-28
BK00728,長野高原リトリート,長野,2025-02-23,5,627128,カップル,2024-12-26
BK00729,広島・宮島歴史探訪,広島,2024-10-25,2,179242,グループ,2024-09-20
BK00730,信州そば巡り,長野,2024-05-22,2,258007,シニア,2024-04-11
BK00731,東北温泉巡り,東北,2025-03-27,2,75037,シニア,2025-02-25
BK00732,北海道スキーリゾート,北海道,2024-07-03,3,139632,ファミリー,2024-04-08
BK00733,函館ロマンチック旅,北海道,2025-04-20,6,291809,アクティブ,2025-03-21
BK00734,沖縄3泊4日ファミリープラン,沖縄,2024-12-21,2,201556,ファミリー,2024-12-03
BK00735,金沢文化体験,石川,2024-11-28,4,127358,カップル,2024-09-23
BK00736,沖縄リゾートステイ,沖縄,2025-01-12,2,239862,シニア,2024-11-16
BK00737,広島・宮島歴史探訪,広島,2025-04-17,6,667531,グループ,2025-03-26
BK00738,九州グルメツアー,九州,2025-04-16,3,329308,グループ,2025-03-15
BK00739,東北温泉巡り,東北,2024-09-27,4,266497,シニア,2024-08-02
BK00740,沖縄リゾートステイ,沖縄,2024-09-05,2,294696,カップル,2024-06-24
BK00741,沖縄リゾートステイ,沖縄,2024-05-29,6,577504,カップル,2024-04-25
BK00742,石垣島ダイビング,沖縄,2025-01-31,2,359165,一人旅,2024-11-11
BK00743,金沢文化体験,石川,2024-07-06,2,219025,グループ,2024-04-14
BK00744,北海道ラベンダー畑ツアー,北海道,2024-07-10,2,408125,ファミリー,2024-04-15
BK00745,箱根温泉週末プラン,箱根,2024-06-21,4,148050,カップル,2024-04-07
BK00746,函館ロマンチック旅,北海道,2024-06-26,5,382659,カップル,2024-05-06
BK00747,広島・宮島歴史探訪,広島,2024-10-24,2,69936,グループ,2024-09-30
BK00748,奄美大島ネイチャー,鹿児島,2024-09-05,2,132986,カップル,2024-06-28
BK00749,屋久島トレッキング,鹿児島,2025-02-03,6,798582,アクティブ,2024-11-12
BK00750,屋久島トレッキング,鹿児島,2024-12-11,3,322377,アクティブ,2024-11-01
BK00751,広島・宮島歴史探訪,広島,2025-01-06,4,345203,グループ,2024-12-28
BK00752,北海道ラベンダー畑ツアー,北海道,2024-07-13,5,415608,ファミリー,2024-04-29
BK00753,函館ロマンチック旅,北海道,2025-04-08,2,141489,カップル,2025-01-13
BK00754,日光・鬼怒川温泉,栃木,2024-05-14,1,40966,ファミリー,2024-04-29
BK00755,京都紅葉めぐり,京都,2024-08-27,2,221575,シニア,2024-07-27
BK00756,金沢文化体験,石川,2024-09-30,4,208337,グループ,2024-07-06
BK00757,北海道ラベンダー畑ツアー,北海道,2025-04-28,4,996594,ファミリー,2025-03-26
BK00758,沖縄リゾートステイ,沖縄,2024-12-16,4,850666,カップル,2024-09-29
BK00759,沖縄リゾートステイ,沖縄,2024-07-01,3,470480,カップル,2024-05-21
BK00760,東北温泉巡り,東北,2024-07-29,2,97667,シニア,2024-07-10
BK00761,日光・鬼怒川温泉,栃木,2024-06-07,4,218788,ファミリー,2024-04-30
BK00762,京都紅葉めぐり,京都,2024-07-29,3,292280,シニア,2024-05-10
BK00763,京都紅葉めぐり,京都,2025-02-05,3,269705,シニア,2025-01-06
BK00764,信州そば巡り,長野,2024-10-09,6,733028,シニア,2024-08-18
BK00765,長野高原リトリート,長野,2024-11-29,3,523361,カップル,2024-09-02
BK00766,函館ロマンチック旅,北海道,2025-02-06,4,368135,グループ,2024-12-13
BK00767,広島・宮島歴史探訪,広島,2025-04-12,6,523046,グループ,2025-04-01
BK00768,奄美大島ネイチャー,鹿児島,2025-05-13,6,478310,カップル,2025-03-29
BK00769,北海道スキーリゾート,北海道,2024-09-02,4,289378,ファミリー,2024-06-22
BK00770,長野高原リトリート,長野,2025-02-05,2,454265,カップル,2025-01-12
BK00771,奄美大島ネイチャー,鹿児島,2025-05-04,3,230330,グループ,2025-02-13
BK00772,石垣島ダイビング,沖縄,2024-10-14,5,330884,アクティブ,2024-07-26
BK00773,宮古島絶景ビーチ,沖縄,2024-10-05,4,734173,グループ,2024-09-18
BK00774,伊豆半島ドライブ,静岡,2025-03-07,4,706203,カップル,2025-01-30
BK00775,広島・宮島歴史探訪,広島,2025-04-20,3,219001,グループ,2025-03-05
BK00776,日光・鬼怒川温泉,栃木,2024-05-14,2,258503,ファミリー,2024-04-09
BK00777,屋久島トレッキング,鹿児島,2024-08-20,3,258748,カップル,2024-06-01
BK00778,箱根温泉週末プラン,箱根,2024-10-28,3,251207,カップル,2024-10-11
BK00779,北海道ラベンダー畑ツアー,北海道,2024-11-19,3,465801,ファミリー,2024-09-09
BK00780,函館ロマンチック旅,北海道,2025-02-28,3,221124,カップル,2024-12-21
BK00781,日光・鬼怒川温泉,栃木,2025-01-03,2,256251,ファミリー,2024-11-26
BK00782,宮古島絶景ビーチ,沖縄,2025-03-08,4,485432,カップル,2025-02-15
BK00783,長野高原リトリート,長野,2024-08-30,1,91047,カップル,2024-06-01
BK00784,屋久島トレッキング,鹿児島,2024-06-11,3,551739,アクティブ,2024-05-17
BK00785,箱根温泉週末プラン,箱根,2025-03-10,4,233484,シニア,2025-02-17
BK00786,沖縄3泊4日ファミリープラン,沖縄,2024-10-29,2,178181,ファミリー,2024-10-08
BK00787,函館ロマンチック旅,北海道,2025-01-16,3,278302,カップル,2024-12-14
BK00788,箱根温泉週末プラン,箱根,2024-04-20,3,380367,カップル,2024-04-11
BK00789,石垣島ダイビング,沖縄,2025-04-14,2,381055,アクティブ,2025-03-02
BK00790,沖縄3泊4日ファミリープラン,沖縄,2025-04-23,4,640133,ファミリー,2025-02-26
BK00791,京都紅葉めぐり,京都,2025-05-06,5,549468,一人旅,2025-03-23
BK00792,京都紅葉めぐり,京都,2024-12-30,5,416234,シニア,2024-10-22
BK00793,屋久島トレッキング,鹿児島,2024-06-27,1,137453,アクティブ,2024-06-18
BK00794,石垣島ダイビング,沖縄,2025-05-13,4,482496,アクティブ,2025-03-23
BK00795,日光・鬼怒川温泉,栃木,2024-11-25,4,554469,ファミリー,2024-11-11
BK00796,函館ロマンチック旅,北海道,2024-12-14,2,226028,カップル,2024-11-09
BK00797,広島・宮島歴史探訪,広島,2024-10-02,5,534506,グループ,2024-07-09
BK00798,箱根温泉週末プラン,箱根,2024-10-11,6,344027,カップル,2024-08-26
BK00799,箱根温泉週末プラン,箱根,2024-08-23,4,207084,カップル,2024-06-08
BK00800,日光・鬼怒川温泉,栃木,2025-03-25,6,674080,カップル,2025-01-22
